master_id,hubspot_id,account_id,vitally_id,account_match_tier,vitally_match_tier,confidence_tier,resolved_at,ruleset_version
0014df720942,HS-100421,ACC-2420,cus_100420,T0,T1,T1,2024-08-31,1.0.0
0044b4ee820c,HS-100017,ACC-2016,cus_100016,T0,T1,T1,2024-08-31,1.0.0
00902f986641,HS-100325,ACC-2324,cus_100324,T0,T1,T1,2024-08-31,1.0.0
00a8d71c23f4,HS-100064,ACC-2063,cus_100063,T0,T1,T1,2024-08-31,1.0.0
00fd17d94d91,HS-100010,ACC-2009,cus_100009,T0,T1,T1,2024-08-31,1.0.0
00fe53692ca1,HS-100454,ACC-2453,cus_100453,T0,T1,T1,2024-08-31,1.0.0
0196867379d8,HS-100062,ACC-2061,cus_100061,T0,T1,T1,2024-08-31,1.0.0
02382e1b34e3,HS-100407,ACC-2406,cus_100406,T0,T1,T1,2024-08-31,1.0.0
034cefcecc7f,HS-100253,ACC-2252,cus_100252,T0,T1,T1,2024-08-31,1.0.0
03ba89cf14b9,HS-100273,ACC-2272,cus_100272,T0,T1,T1,2024-08-31,1.0.0
03e9e800144c,HS-100545,ACC-2544,cus_100544,T0,T1,T1,2024-08-31,1.0.0
04887d0f3f7c,HS-100607,ACC-2606,cus_100606,T0,T1,T1,2024-08-31,1.0.0
05f6a68d13dc,HS-100294,ACC-2293,cus_100293,T2,T1,T2,2024-08-31,1.0.0
062df55dccb8,HS-100126,ACC-2125,cus_100125,T0,T1,T1,2024-08-31,1.0.0
068871d26770,HS-100209,ACC-2208,cus_100208,T0,T1,T1,2024-08-31,1.0.0
07834c81ea07,HS-100161,ACC-2160,cus_100160,T0,T1,T1,2024-08-31,1.0.0
078d848b2f9f,HS-100042,ACC-2041,cus_100041,T0,T1,T1,2024-08-31,1.0.0
08513678e63b,HS-100643,ACC-2642,cus_100642,T0,T1,T1,2024-08-31,1.0.0
093598bb9373,HS-100490,ACC-2489,cus_100489,T0,T1,T1,2024-08-31,1.0.0
0950a3eaca02,HS-100340,ACC-2339,cus_100339,T0,T1,T1,2024-08-31,1.0.0
09a2a58e60b9,HS-100103,ACC-2102,cus_100102,T0,T1,T1,2024-08-31,1.0.0
0a2107e049f9,HS-100159,ACC-2158,cus_100158,T0,T1,T1,2024-08-31,1.0.0
0aa90d008a95,HS-100068,ACC-2067,cus_100067,T0,T1,T1,2024-08-31,1.0.0
0b0baf334770,HS-100402,ACC-2401,cus_100401,T0,T1,T1,2024-08-31,1.0.0
0b0c556bec93,HS-100348,ACC-2347,cus_100347,T2,T1,T2,2024-08-31,1.0.0
0b42fd3d0ae2,HS-100167,ACC-2166,cus_100166,T0,T1,T1,2024-08-31,1.0.0
0b632556c614,HS-100134,ACC-2133,cus_100133,T0,T1,T1,2024-08-31,1.0.0
0c0316a141aa,HS-100628,ACC-2627,cus_100627,T0,T1,T1,2024-08-31,1.0.0
0c092b55cb21,HS-100637,ACC-2636,cus_100636,T0,T1,T1,2024-08-31,1.0.0
0c9833234628,HS-100252,ACC-2251,cus_100251,T0,T1,T1,2024-08-31,1.0.0
0cba696d8c85,HS-100251,ACC-2250,cus_100250,T0,T1,T1,2024-08-31,1.0.0
0d4cd09dfa99,HS-100221,ACC-2220,cus_100220,T0,T1,T1,2024-08-31,1.0.0
0d6202950750,HS-100152,ACC-2151,cus_100151,T0,T1,T1,2024-08-31,1.0.0
0df07dc09d21,HS-100456,ACC-2455,cus_100455,T0,T1,T1,2024-08-31,1.0.0
0e7b9d22a314,HS-100306,ACC-2305,cus_100305,T2,T1,T2,2024-08-31,1.0.0
0f42092743f1,HS-100626,ACC-2625,cus_100625,T0,T1,T1,2024-08-31,1.0.0
0f853c61d098,HS-100300,ACC-2299,cus_100299,T0,T1,T1,2024-08-31,1.0.0
0f9a82123cbe,HS-100202,ACC-2201,cus_100201,T0,T1,T1,2024-08-31,1.0.0
0fda0433e133,HS-100472,ACC-2471,cus_100471,T0,T1,T1,2024-08-31,1.0.0
108f213736fb,HS-100204,ACC-2203,cus_100203,T0,T1,T1,2024-08-31,1.0.0
10e7e55b829d,HS-100538,ACC-2537,cus_100537,T0,T1,T1,2024-08-31,1.0.0
118a77d9045d,HS-100559,ACC-2558,cus_100558,T0,T1,T1,2024-08-31,1.0.0
1197d211e7e1,HS-100127,ACC-2126,cus_100126,T0,T1,T1,2024-08-31,1.0.0
12031a79d1d3,HS-100460,ACC-2459,cus_100459,T0,T1,T1,2024-08-31,1.0.0
1288cafbc1fe,HS-100439,ACC-2438,cus_100438,T0,T1,T1,2024-08-31,1.0.0
12bb70998c29,HS-100648,ACC-2647,cus_100647,T0,T1,T1,2024-08-31,1.0.0
1344cdebacd2,HS-100498,ACC-2497,cus_100497,T2,T1,T2,2024-08-31,1.0.0
13d2b5cf6ea2,HS-100228,ACC-2227,cus_100227,T0,T1,T1,2024-08-31,1.0.0
143d4fc0dd50,HS-100289,ACC-2288,cus_100288,T0,T1,T1,2024-08-31,1.0.0
14c82590fbd2,HS-100324,ACC-2323,cus_100323,T0,T1,T1,2024-08-31,1.0.0
14e457b52fab,HS-100358,ACC-2357,cus_100357,T0,T1,T1,2024-08-31,1.0.0
1598cd0f4138,HS-100287,ACC-2286,cus_100286,T0,T1,T1,2024-08-31,1.0.0
16541ff794fd,HS-100088,ACC-2087,cus_100087,T0,T1,T1,2024-08-31,1.0.0
1657dbc3746e,HS-100093,ACC-2092,cus_100092,T0,T1,T1,2024-08-31,1.0.0
167708133e90,HS-100482,ACC-2481,cus_100481,T0,T1,T1,2024-08-31,1.0.0
16b237fd6c05,HS-100344,ACC-2343,cus_100343,T0,T1,T1,2024-08-31,1.0.0
16c951b00315,HS-100060,ACC-2059,cus_100059,T0,T1,T1,2024-08-31,1.0.0
179d97e50dff,HS-100135,ACC-2134,cus_100134,T0,T1,T1,2024-08-31,1.0.0
17ad157b6ec9,HS-100239,ACC-2238,cus_100238,T0,T1,T1,2024-08-31,1.0.0
183da402db0f,HS-100246,ACC-2245,cus_100245,T0,T1,T1,2024-08-31,1.0.0
190a2d8a76a2,HS-100385,ACC-2384,cus_100384,T0,T1,T1,2024-08-31,1.0.0
19e40842726a,HS-100282,ACC-2281,cus_100281,T0,T1,T1,2024-08-31,1.0.0
1a1192e17404,HS-100510,ACC-2509,cus_100509,T2,T1,T2,2024-08-31,1.0.0
1a38af8fa679,HS-100446,ACC-2445,cus_100445,T0,T1,T1,2024-08-31,1.0.0
1b589de854cd,HS-100298,ACC-2297,cus_100297,T2,T1,T2,2024-08-31,1.0.0
1c09f8474886,HS-100465,ACC-2464,cus_100464,T0,T1,T1,2024-08-31,1.0.0
1cf6a4e18b6f,HS-100410,ACC-2409,cus_100409,T0,T1,T1,2024-08-31,1.0.0
1d87384d7c5c,HS-100118,ACC-2117,cus_100117,T0,T1,T1,2024-08-31,1.0.0
1db97fc7c4a3,HS-100208,ACC-2207,cus_100207,T0,T1,T1,2024-08-31,1.0.0
1e08214c6d84,HS-100397,ACC-2396,cus_100396,T0,T1,T1,2024-08-31,1.0.0
1e6e8393975f,HS-100587,ACC-2586,cus_100586,T0,T1,T1,2024-08-31,1.0.0
1e79ff8dda47,HS-100357,ACC-2356,cus_100356,T0,T1,T1,2024-08-31,1.0.0
1ece7b99e449,HS-100120,ACC-2119,cus_100119,T0,T1,T1,2024-08-31,1.0.0
1f5adba0a272,HS-100564,ACC-2563,cus_100563,T0,T1,T1,2024-08-31,1.0.0
1fca191b2c4a,HS-100496,ACC-2495,cus_100495,T0,T1,T1,2024-08-31,1.0.0
201dacb5b332,HS-100122,ACC-2121,cus_100121,T0,T1,T1,2024-08-31,1.0.0
2046e13bb328,HS-100109,ACC-2108,cus_100108,T0,T1,T1,2024-08-31,1.0.0
20e77f6284f1,HS-100312,ACC-2311,cus_100311,T0,T1,T1,2024-08-31,1.0.0
20eb324cdfc6,HS-100220,ACC-2219,cus_100219,T0,T1,T1,2024-08-31,1.0.0
216e100a95ab,HS-100261,ACC-2260,cus_100260,T2,T1,T2,2024-08-31,1.0.0
21a76877b923,HS-100611,ACC-2610,cus_100610,T0,T1,T1,2024-08-31,1.0.0
21f411028416,HS-100169,ACC-2168,cus_100168,T0,T1,T1,2024-08-31,1.0.0
22b962d9afed,HS-100620,ACC-2619,cus_100619,T0,T1,T1,2024-08-31,1.0.0
237b3e09b789,HS-100349,ACC-2348,cus_100348,T0,T1,T1,2024-08-31,1.0.0
2472eb83ec96,HS-100640,ACC-2639,cus_100639,T0,T1,T1,2024-08-31,1.0.0
247338856c13,HS-100138,ACC-2137,cus_100137,T0,T1,T1,2024-08-31,1.0.0
25de70f28a81,HS-100354,ACC-2353,cus_100353,T0,T1,T1,2024-08-31,1.0.0
25f129ce4fc4,HS-100442,ACC-2441,cus_100441,T0,T1,T1,2024-08-31,1.0.0
267f7ba8567b,HS-100155,ACC-2154,cus_100154,T0,T1,T1,2024-08-31,1.0.0
26ff7d714cea,HS-100270,ACC-2269,cus_100269,T0,T1,T1,2024-08-31,1.0.0
279ab800ac35,HS-100550,ACC-2549,cus_100549,T0,T1,T1,2024-08-31,1.0.0
2856f6708652,HS-100387,ACC-2386,cus_100386,T0,T1,T1,2024-08-31,1.0.0
289073814fdb,HS-100469,ACC-2468,cus_100468,T0,T1,T1,2024-08-31,1.0.0
28e7c24cd4cb,HS-100629,ACC-2628,cus_100628,T2,T1,T2,2024-08-31,1.0.0
295d85bd00ea,HS-100405,ACC-2404,cus_100404,T0,T1,T1,2024-08-31,1.0.0
29972f42dfdd,HS-100342,ACC-2341,cus_100341,T0,T1,T1,2024-08-31,1.0.0
29c00e13c4e6,HS-100219,ACC-2218,cus_100218,T0,T1,T1,2024-08-31,1.0.0
2abb19d06446,HS-100012,ACC-2011,cus_100011,T0,T1,T1,2024-08-31,1.0.0
2b4be83e1c60,HS-100116,ACC-2115,cus_100115,T0,T1,T1,2024-08-31,1.0.0
2c29d4cb2989,HS-100520,ACC-2519,cus_100519,T0,T1,T1,2024-08-31,1.0.0
2c678f4bf9d9,HS-100451,ACC-2450,cus_100450,T0,T1,T1,2024-08-31,1.0.0
2cc32419a667,HS-100009,ACC-2008,cus_100008,T0,T1,T1,2024-08-31,1.0.0
2cd7d67219cc,HS-100521,ACC-2520,cus_100520,T0,T1,T1,2024-08-31,1.0.0
2d38af661686,HS-100123,ACC-2122,cus_100122,T0,T1,T1,2024-08-31,1.0.0
2dee62dca080,HS-100226,ACC-2225,cus_100225,T0,T1,T1,2024-08-31,1.0.0
2e1dc645f108,HS-100240,ACC-2239,cus_100239,T0,T1,T1,2024-08-31,1.0.0
2e313ecc9f06,HS-100610,ACC-2609,cus_100609,T0,T1,T1,2024-08-31,1.0.0
2f23ed120ca5,HS-100352,ACC-2351,cus_100351,T0,T1,T1,2024-08-31,1.0.0
2f26a0da0310,HS-100572,ACC-2571,cus_100571,T0,T1,T1,2024-08-31,1.0.0
2f2fd459ddca,HS-100375,ACC-2374,cus_100374,T0,T1,T1,2024-08-31,1.0.0
2f9a572a5bab,HS-100573,ACC-2572,cus_100572,T0,T1,T1,2024-08-31,1.0.0
30c2f0ba4f9f,HS-100400,ACC-2399,cus_100399,T0,T1,T1,2024-08-31,1.0.0
3280fc910c85,HS-100144,ACC-2143,cus_100143,T0,T1,T1,2024-08-31,1.0.0
32a352c90e42,HS-100319,ACC-2318,cus_100318,T2,T1,T2,2024-08-31,1.0.0
32abb429e0d8,HS-100090,ACC-2089,cus_100089,T0,T1,T1,2024-08-31,1.0.0
338f32670f98,HS-100399,ACC-2398,cus_100398,T0,T1,T1,2024-08-31,1.0.0
3444de83dd85,HS-100327,ACC-2326,cus_100326,T0,T1,T1,2024-08-31,1.0.0
34932df15d7b,HS-100361,ACC-2360,cus_100360,T0,T1,T1,2024-08-31,1.0.0
3499a7868775,HS-100148,ACC-2147,cus_100147,T0,T1,T1,2024-08-31,1.0.0
34a9ffde0fc0,HS-100107,ACC-2106,cus_100106,T2,T1,T2,2024-08-31,1.0.0
34c5037c1d22,HS-100198,ACC-2197,cus_100197,T2,T1,T2,2024-08-31,1.0.0
34fc60602415,HS-100618,ACC-2617,cus_100617,T0,T1,T1,2024-08-31,1.0.0
35f7ee11ef6a,HS-100286,ACC-2285,cus_100285,T0,T1,T1,2024-08-31,1.0.0
368a3f9d6514,HS-100525,ACC-2524,cus_100524,T0,T1,T1,2024-08-31,1.0.0
36fd3dae4ce6,HS-100078,ACC-2077,cus_100077,T0,T1,T1,2024-08-31,1.0.0
37211eeb762c,HS-100624,ACC-2623,cus_100623,T0,T1,T1,2024-08-31,1.0.0
375bde6ba88f,HS-100483,ACC-2482,cus_100482,T0,T1,T1,2024-08-31,1.0.0
3764f7701b9c,HS-100099,ACC-2098,cus_100098,T0,T1,T1,2024-08-31,1.0.0
37d67f0e2f52,HS-100057,ACC-2056,cus_100056,T0,T1,T1,2024-08-31,1.0.0
392bdeef86e1,HS-100360,ACC-2359,cus_100359,T0,T1,T1,2024-08-31,1.0.0
396128940af3,HS-100174,ACC-2173,cus_100173,T0,T1,T1,2024-08-31,1.0.0
3967f5213479,HS-100597,ACC-2596,cus_100596,T0,T1,T1,2024-08-31,1.0.0
3a6d440d0d78,HS-100203,ACC-2202,cus_100202,T0,T1,T1,2024-08-31,1.0.0
3af530a7679a,HS-100638,ACC-2637,cus_100637,T2,T1,T2,2024-08-31,1.0.0
3b117610596f,HS-100326,ACC-2325,cus_100325,T0,T1,T1,2024-08-31,1.0.0
3b4b11aa5621,HS-100291,ACC-2290,cus_100290,T0,T1,T1,2024-08-31,1.0.0
3baa0f55645f,HS-100485,ACC-2484,cus_100484,T0,T1,T1,2024-08-31,1.0.0
3d3cf29f1b67,HS-100095,ACC-2094,cus_100094,T0,T1,T1,2024-08-31,1.0.0
3d464b2bd5fe,HS-100518,ACC-2517,cus_100517,T0,T1,T1,2024-08-31,1.0.0
3d9c9189ef8b,HS-100423,ACC-2422,cus_100422,T0,T1,T1,2024-08-31,1.0.0
3dc38ff1f062,HS-100058,ACC-2057,cus_100057,T0,T1,T1,2024-08-31,1.0.0
3dec1c7194aa,HS-100117,ACC-2116,cus_100116,T0,T1,T1,2024-08-31,1.0.0
3e0310fe6b93,HS-100555,ACC-2554,cus_100554,T0,T1,T1,2024-08-31,1.0.0
3e0eaa7298aa,HS-100284,ACC-2283,cus_100283,T0,T1,T1,2024-08-31,1.0.0
3ed1dd022bbe,HS-100503,ACC-2502,cus_100502,T0,T1,T1,2024-08-31,1.0.0
3f41a4432bea,HS-100280,ACC-2279,cus_100279,T0,T1,T1,2024-08-31,1.0.0
3f52261ca656,HS-100188,ACC-2187,cus_100187,T0,T1,T1,2024-08-31,1.0.0
3f8121a01f52,HS-100065,ACC-2064,cus_100064,T0,T1,T1,2024-08-31,1.0.0
3f9a1cc61de5,HS-100055,ACC-2054,cus_100054,T0,T1,T1,2024-08-31,1.0.0
4036aa344034,HS-100149,ACC-2148,cus_100148,T0,T1,T1,2024-08-31,1.0.0
40cbcd1a5e9b,HS-100524,ACC-2523,cus_100523,T0,T1,T1,2024-08-31,1.0.0
4140e64c6083,HS-100371,ACC-2370,cus_100370,T0,T1,T1,2024-08-31,1.0.0
4196ef66325f,HS-100086,ACC-2085,cus_100085,T0,T1,T1,2024-08-31,1.0.0
419e91f90223,HS-100172,ACC-2171,cus_100171,T0,T1,T1,2024-08-31,1.0.0
41c9fae6089e,HS-100307,ACC-2306,cus_100306,T0,T1,T1,2024-08-31,1.0.0
41d822af890b,HS-100056,ACC-2055,cus_100055,T0,T1,T1,2024-08-31,1.0.0
4241a3ce2f40,HS-100003,ACC-2002,cus_100002,T0,T1,T1,2024-08-31,1.0.0
43aa39bba634,HS-100163,ACC-2162,cus_100162,T0,T1,T1,2024-08-31,1.0.0
446b01c1b10d,HS-100066,ACC-2065,cus_100065,T0,T1,T1,2024-08-31,1.0.0
454a653ec9a9,HS-100560,ACC-2559,cus_100559,T0,T1,T1,2024-08-31,1.0.0
4566eb75d1d3,HS-100622,ACC-2621,cus_100621,T2,T1,T2,2024-08-31,1.0.0
47165a293fc0,HS-100238,ACC-2237,cus_100237,T0,T1,T1,2024-08-31,1.0.0
4748fb3a478f,HS-100542,ACC-2541,cus_100541,T0,T1,T1,2024-08-31,1.0.0
4852e6665bc7,HS-100516,ACC-2515,cus_100515,T2,T1,T2,2024-08-31,1.0.0
48633a3c243e,HS-100052,ACC-2051,cus_100051,T0,T1,T1,2024-08-31,1.0.0
48c20dcf6fe4,HS-100619,ACC-2618,cus_100618,T0,T1,T1,2024-08-31,1.0.0
48fddc0a1679,HS-100315,ACC-2314,cus_100314,T0,T1,T1,2024-08-31,1.0.0
49ce3285ee46,HS-100646,ACC-2645,cus_100645,T0,T1,T1,2024-08-31,1.0.0
49ecd60b845c,HS-100079,ACC-2078,cus_100078,T0,T1,T1,2024-08-31,1.0.0
4ad2695790da,HS-100381,ACC-2380,cus_100380,T0,T1,T1,2024-08-31,1.0.0
4b4752da4a83,HS-100096,ACC-2095,cus_100095,T2,T1,T2,2024-08-31,1.0.0
4b51faa01f35,HS-100016,ACC-2015,cus_100015,T0,T1,T1,2024-08-31,1.0.0
4b99f2dd30ed,HS-100076,ACC-2075,cus_100075,T2,T1,T2,2024-08-31,1.0.0
4bf97be2706d,HS-100369,ACC-2368,cus_100368,T2,T1,T2,2024-08-31,1.0.0
4bfe1795911a,HS-100075,ACC-2074,cus_100074,T0,T1,T1,2024-08-31,1.0.0
4cdf5b9fe3a4,HS-100534,ACC-2533,cus_100533,T0,T1,T1,2024-08-31,1.0.0
4cfcbde1f51f,HS-100505,ACC-2504,cus_100504,T0,T1,T1,2024-08-31,1.0.0
4deb4455b182,HS-100429,ACC-2428,cus_100428,T0,T1,T1,2024-08-31,1.0.0
4dfb9ec0ce11,HS-100248,ACC-2247,cus_100247,T0,T1,T1,2024-08-31,1.0.0
5020089d9965,HS-100168,ACC-2167,cus_100167,T0,T1,T1,2024-08-31,1.0.0
50de7a632ea8,HS-100288,ACC-2287,cus_100287,T0,T1,T1,2024-08-31,1.0.0
517840039522,HS-100160,ACC-2159,cus_100159,T0,T1,T1,2024-08-31,1.0.0
51a517c1a25b,HS-100309,ACC-2308,cus_100308,T0,T1,T1,2024-08-31,1.0.0
51b8827af99f,HS-100002,ACC-2001,cus_100001,T0,T1,T1,2024-08-31,1.0.0
51e97a6e2d0f,HS-100484,ACC-2483,cus_100483,T0,T1,T1,2024-08-31,1.0.0
5205e01e1434,HS-100027,ACC-2026,cus_100026,T0,T1,T1,2024-08-31,1.0.0
5211255cc108,HS-100468,ACC-2467,cus_100467,T0,T1,T1,2024-08-31,1.0.0
523ef10f815e,HS-100077,ACC-2076,cus_100076,T0,T1,T1,2024-08-31,1.0.0
52584d35f5ce,HS-100111,ACC-2110,cus_100110,T0,T1,T1,2024-08-31,1.0.0
5284a262a4a1,HS-100018,ACC-2017,cus_100017,T0,T1,T1,2024-08-31,1.0.0
531b08e15995,HS-100081,ACC-2080,cus_100080,T0,T1,T1,2024-08-31,1.0.0
5382574560dc,HS-100535,ACC-2534,cus_100534,T0,T1,T1,2024-08-31,1.0.0
538f62518bf7,HS-100448,ACC-2447,cus_100447,T0,T1,T1,2024-08-31,1.0.0
53f68810a2c7,HS-100533,ACC-2532,cus_100532,T0,T1,T1,2024-08-31,1.0.0
5469ca09097a,HS-100467,ACC-2466,cus_100466,T0,T1,T1,2024-08-31,1.0.0
548b90cb0018,HS-100508,ACC-2507,cus_100507,T0,T1,T1,2024-08-31,1.0.0
54e0cdf8d6e2,HS-100308,ACC-2307,cus_100307,T0,T1,T1,2024-08-31,1.0.0
559a1afd0e44,HS-100444,ACC-2443,cus_100443,T0,T1,T1,2024-08-31,1.0.0
55d38d912444,HS-100184,ACC-2183,cus_100183,T0,T1,T1,2024-08-31,1.0.0
565904aa901f,HS-100128,ACC-2127,cus_100127,T2,T1,T2,2024-08-31,1.0.0
566ce673d067,HS-100115,ACC-2114,cus_100114,T0,T1,T1,2024-08-31,1.0.0
567a1080b6c7,HS-100477,ACC-2476,cus_100476,T0,T1,T1,2024-08-31,1.0.0
56cc5e17ca7e,HS-100390,ACC-2389,cus_100389,T0,T1,T1,2024-08-31,1.0.0
572855d81626,HS-100210,ACC-2209,cus_100209,T0,T1,T1,2024-08-31,1.0.0
572d46de8d86,HS-100255,ACC-2254,cus_100254,T0,T1,T1,2024-08-31,1.0.0
57430e054ca2,HS-100623,ACC-2622,cus_100622,T0,T1,T1,2024-08-31,1.0.0
5788d992991c,HS-100489,ACC-2488,cus_100488,T0,T1,T1,2024-08-31,1.0.0
57c8aca8703d,HS-100551,ACC-2550,cus_100550,T0,T1,T1,2024-08-31,1.0.0
58660e0d4e6c,HS-100153,ACC-2152,cus_100152,T0,T1,T1,2024-08-31,1.0.0
58977cac09cc,HS-100425,ACC-2424,cus_100424,T0,T1,T1,2024-08-31,1.0.0
589f42a9c63a,HS-100488,ACC-2487,cus_100487,T0,T1,T1,2024-08-31,1.0.0
5945ffa79bf5,HS-100441,ACC-2440,cus_100440,T0,T1,T1,2024-08-31,1.0.0
598275c8d1e3,HS-100230,ACC-2229,cus_100229,T2,T1,T2,2024-08-31,1.0.0
59a59dbb5c8d,HS-100548,ACC-2547,cus_100547,T0,T1,T1,2024-08-31,1.0.0
59a8da5bbd25,HS-100537,ACC-2536,cus_100536,T0,T1,T1,2024-08-31,1.0.0
5aabb4abe963,HS-100331,ACC-2330,cus_100330,T0,T1,T1,2024-08-31,1.0.0
5aadc6d9beb8,HS-100140,ACC-2139,cus_100139,T0,T1,T1,2024-08-31,1.0.0
5ad0321274f2,HS-100164,ACC-2163,cus_100163,T0,T1,T1,2024-08-31,1.0.0
5ad6ce2d765a,HS-100036,ACC-2035,cus_100035,T0,T1,T1,2024-08-31,1.0.0
5c5dbbe39468,HS-100216,ACC-2215,cus_100215,T0,T1,T1,2024-08-31,1.0.0
5c7bb90cf33d,HS-100124,ACC-2123,cus_100123,T0,T1,T1,2024-08-31,1.0.0
5ca575bf5963,HS-100317,ACC-2316,cus_100316,T0,T1,T1,2024-08-31,1.0.0
5cb37febc3b4,HS-100222,ACC-2221,cus_100221,T0,T1,T1,2024-08-31,1.0.0
5ce69a34518d,HS-100351,ACC-2350,cus_100350,T0,T1,T1,2024-08-31,1.0.0
5d3997bae226,HS-100165,ACC-2164,cus_100164,T0,T1,T1,2024-08-31,1.0.0
5d3a54fbe090,HS-100509,ACC-2508,cus_100508,T0,T1,T1,2024-08-31,1.0.0
5df58f1cd011,HS-100006,ACC-2005,cus_100005,T0,T1,T1,2024-08-31,1.0.0
5f6fe04e3c0d,HS-100530,ACC-2529,cus_100529,T0,T1,T1,2024-08-31,1.0.0
5ff51d984ff6,HS-100541,ACC-2540,cus_100540,T0,T1,T1,2024-08-31,1.0.0
6010a6c2645a,HS-100378,ACC-2377,cus_100377,T0,T1,T1,2024-08-31,1.0.0
605a3500df16,HS-100303,ACC-2302,cus_100302,T0,T1,T1,2024-08-31,1.0.0
61797f4fd29d,HS-100457,ACC-2456,cus_100456,T0,T1,T1,2024-08-31,1.0.0
618a87bd9809,HS-100636,ACC-2635,cus_100635,T0,T1,T1,2024-08-31,1.0.0
61c8003722fd,HS-100053,ACC-2052,cus_100052,T0,T1,T1,2024-08-31,1.0.0
621d856f0a4b,HS-100045,ACC-2044,cus_100044,T2,T1,T2,2024-08-31,1.0.0
62e862d0ba6b,HS-100526,ACC-2525,cus_100525,T0,T1,T1,2024-08-31,1.0.0
62f2df8d7d2e,HS-100180,ACC-2179,cus_100179,T0,T1,T1,2024-08-31,1.0.0
63a717661ec6,HS-100102,ACC-2101,cus_100101,T0,T1,T1,2024-08-31,1.0.0
644cd69de81c,HS-100266,ACC-2265,cus_100265,T0,T1,T1,2024-08-31,1.0.0
64dcc8776b32,HS-100279,ACC-2278,cus_100278,T0,T1,T1,2024-08-31,1.0.0
651fe741fa3d,HS-100196,ACC-2195,cus_100195,T0,T1,T1,2024-08-31,1.0.0
652a84cfe5c1,HS-100631,ACC-2630,cus_100630,T0,T1,T1,2024-08-31,1.0.0
659b8fb24c41,HS-100141,ACC-2140,cus_100140,T0,T1,T1,2024-08-31,1.0.0
664b9e778e26,HS-100377,ACC-2376,cus_100376,T0,T1,T1,2024-08-31,1.0.0
6709cae3efd1,HS-100570,ACC-2569,cus_100569,T2,T1,T2,2024-08-31,1.0.0
67298e35c7b4,HS-100481,ACC-2480,cus_100480,T0,T1,T1,2024-08-31,1.0.0
67934042a230,HS-100243,ACC-2242,cus_100242,T0,T1,T1,2024-08-31,1.0.0
67da30b569af,HS-100418,ACC-2417,cus_100417,T0,T1,T1,2024-08-31,1.0.0
67e350db2ed9,HS-100391,ACC-2390,cus_100390,T0,T1,T1,2024-08-31,1.0.0
6853f3d6a4dc,HS-100259,ACC-2258,cus_100258,T0,T1,T1,2024-08-31,1.0.0
68f66e743a15,HS-100223,ACC-2222,cus_100222,T0,T1,T1,2024-08-31,1.0.0
691d1dc17baa,HS-100302,ACC-2301,cus_100301,T0,T1,T1,2024-08-31,1.0.0
695d5be4f470,HS-100100,ACC-2099,cus_100099,T0,T1,T1,2024-08-31,1.0.0
6978c5309efe,HS-100589,ACC-2588,cus_100588,T0,T1,T1,2024-08-31,1.0.0
69901e51bc3c,HS-100420,ACC-2419,cus_100419,T0,T1,T1,2024-08-31,1.0.0
699ff55001cc,HS-100097,ACC-2096,cus_100096,T0,T1,T1,2024-08-31,1.0.0
69a9c5b9b867,HS-100183,ACC-2182,cus_100182,T2,T1,T2,2024-08-31,1.0.0
69e452cb7a98,HS-100474,ACC-2473,cus_100473,T0,T1,T1,2024-08-31,1.0.0
6b9938219d8f,HS-100608,ACC-2607,cus_100607,T0,T1,T1,2024-08-31,1.0.0
6bca486a099d,HS-100336,ACC-2335,cus_100335,T0,T1,T1,2024-08-31,1.0.0
6c0b2c4e1901,HS-100632,ACC-2631,cus_100631,T0,T1,T1,2024-08-31,1.0.0
6cf7fe3272fc,HS-100175,ACC-2174,cus_100174,T0,T1,T1,2024-08-31,1.0.0
6cfc2bb220b5,HS-100031,ACC-2030,cus_100030,T0,T1,T1,2024-08-31,1.0.0
6d6157f05d37,HS-100046,ACC-2045,cus_100045,T0,T1,T1,2024-08-31,1.0.0
6d621ac6bce1,HS-100004,ACC-2003,cus_100003,T0,T1,T1,2024-08-31,1.0.0
6d7170e9789b,HS-100024,ACC-2023,cus_100023,T0,T1,T1,2024-08-31,1.0.0
6dd0a835084b,HS-100214,ACC-2213,cus_100213,T2,T1,T2,2024-08-31,1.0.0
6de6d67a878e,HS-100098,ACC-2097,cus_100097,T0,T1,T1,2024-08-31,1.0.0
6e00c339a03e,HS-100332,ACC-2331,cus_100331,T0,T1,T1,2024-08-31,1.0.0
6e9112a3a693,HS-100147,ACC-2146,cus_100146,T0,T1,T1,2024-08-31,1.0.0
6ea450b057ac,HS-100206,ACC-2205,cus_100205,T0,T1,T1,2024-08-31,1.0.0
6eabad2f9e44,HS-100373,ACC-2372,cus_100372,T0,T1,T1,2024-08-31,1.0.0
6f8a65d8e369,HS-100244,ACC-2243,cus_100243,T0,T1,T1,2024-08-31,1.0.0
6fbc308a9ed5,HS-100476,ACC-2475,cus_100475,T0,T1,T1,2024-08-31,1.0.0
701a7145499e,HS-100462,ACC-2461,cus_100461,T0,T1,T1,2024-08-31,1.0.0
705ac77b56d1,HS-100106,ACC-2105,cus_100105,T0,T1,T1,2024-08-31,1.0.0
7098e946d95f,HS-100179,ACC-2178,cus_100178,T0,T1,T1,2024-08-31,1.0.0
70ea0c23bdb2,HS-100038,ACC-2037,cus_100037,T0,T1,T1,2024-08-31,1.0.0
714a72f5154c,HS-100552,ACC-2551,cus_100551,T0,T1,T1,2024-08-31,1.0.0
723875008eb9,HS-100578,ACC-2577,cus_100577,T0,T1,T1,2024-08-31,1.0.0
72c0afa9c950,HS-100411,ACC-2410,cus_100410,T0,T1,T1,2024-08-31,1.0.0
73791fb3cf09,HS-100557,ACC-2556,cus_100556,T0,T1,T1,2024-08-31,1.0.0
73a7137f9426,HS-100536,ACC-2535,cus_100535,T0,T1,T1,2024-08-31,1.0.0
742b497d49d8,HS-100193,ACC-2192,cus_100192,T0,T1,T1,2024-08-31,1.0.0
755809755e6a,HS-100343,ACC-2342,cus_100342,T0,T1,T1,2024-08-31,1.0.0
75e57a3efe0c,HS-100145,ACC-2144,cus_100144,T0,T1,T1,2024-08-31,1.0.0
762274061052,HS-100236,ACC-2235,cus_100235,T0,T1,T1,2024-08-31,1.0.0
76352359fd43,HS-100121,ACC-2120,cus_100120,T0,T1,T1,2024-08-31,1.0.0
766e960f8f0e,HS-100146,ACC-2145,cus_100145,T0,T1,T1,2024-08-31,1.0.0
7673a68d1cc4,HS-100011,ACC-2010,cus_100010,T0,T1,T1,2024-08-31,1.0.0
76bafd451e9e,HS-100197,ACC-2196,cus_100196,T0,T1,T1,2024-08-31,1.0.0
7700c04b25c9,HS-100213,ACC-2212,cus_100212,T0,T1,T1,2024-08-31,1.0.0
772649d900e7,HS-100186,ACC-2185,cus_100185,T0,T1,T1,2024-08-31,1.0.0
774336269cfb,HS-100061,ACC-2060,cus_100060,T2,T1,T2,2024-08-31,1.0.0
779b9041ca93,HS-100271,ACC-2270,cus_100270,T0,T1,T1,2024-08-31,1.0.0
77af4118522b,HS-100547,ACC-2546,cus_100546,T0,T1,T1,2024-08-31,1.0.0
77c327404c72,HS-100613,ACC-2612,cus_100612,T0,T1,T1,2024-08-31,1.0.0
780a87c8c2a0,HS-100191,ACC-2190,cus_100190,T0,T1,T1,2024-08-31,1.0.0
785078eeba1d,HS-100320,ACC-2319,cus_100319,T0,T1,T1,2024-08-31,1.0.0
789c81ac0120,HS-100356,ACC-2355,cus_100355,T0,T1,T1,2024-08-31,1.0.0
78d1aed426c1,HS-100211,ACC-2210,cus_100210,T0,T1,T1,2024-08-31,1.0.0
78dd22e22aac,HS-100528,ACC-2527,cus_100527,T0,T1,T1,2024-08-31,1.0.0
78e777fdb583,HS-100546,ACC-2545,cus_100545,T0,T1,T1,2024-08-31,1.0.0
78fc9da31292,HS-100323,ACC-2322,cus_100322,T0,T1,T1,2024-08-31,1.0.0
790c661f3ba2,HS-100258,ACC-2257,cus_100257,T0,T1,T1,2024-08-31,1.0.0
793be83a3632,HS-100005,ACC-2004,cus_100004,T0,T1,T1,2024-08-31,1.0.0
794d03d90ea6,HS-100087,ACC-2086,cus_100086,T2,T1,T2,2024-08-31,1.0.0
7964d8b4df3d,HS-100549,ACC-2548,cus_100548,T0,T1,T1,2024-08-31,1.0.0
79adf7e6a753,HS-100395,ACC-2394,cus_100394,T0,T1,T1,2024-08-31,1.0.0
79b0014ab30f,HS-100486,ACC-2485,cus_100485,T0,T1,T1,2024-08-31,1.0.0
79cd2764ab4f,HS-100455,ACC-2454,cus_100454,T0,T1,T1,2024-08-31,1.0.0
79d3b0680edc,HS-100059,ACC-2058,cus_100058,T0,T1,T1,2024-08-31,1.0.0
79dd57fbb9d2,HS-100104,ACC-2103,cus_100103,T0,T1,T1,2024-08-31,1.0.0
7a2060655ae1,HS-100367,ACC-2366,cus_100366,T0,T1,T1,2024-08-31,1.0.0
7a37e35fc015,HS-100404,ACC-2403,cus_100403,T2,T1,T2,2024-08-31,1.0.0
7a3a0e83d9f6,HS-100504,ACC-2503,cus_100503,T0,T1,T1,2024-08-31,1.0.0
7a5802bb88f1,HS-100133,ACC-2132,cus_100132,T0,T1,T1,2024-08-31,1.0.0
7b530221112a,HS-100304,ACC-2303,cus_100303,T2,T1,T2,2024-08-31,1.0.0
7c22a127f33f,HS-100176,ACC-2175,cus_100175,T0,T1,T1,2024-08-31,1.0.0
7c49bd17517b,HS-100021,ACC-2020,cus_100020,T0,T1,T1,2024-08-31,1.0.0
7c71e1e60120,HS-100594,ACC-2593,cus_100593,T0,T1,T1,2024-08-31,1.0.0
7c99b8a3ebf7,HS-100392,ACC-2391,cus_100391,T0,T1,T1,2024-08-31,1.0.0
7c9b0514c9d6,HS-100132,ACC-2131,cus_100131,T0,T1,T1,2024-08-31,1.0.0
7cd86d7f8789,HS-100574,ACC-2573,cus_100573,T0,T1,T1,2024-08-31,1.0.0
7cf052e41458,HS-100227,ACC-2226,cus_100226,T0,T1,T1,2024-08-31,1.0.0
7d5032d842ab,HS-100201,ACC-2200,cus_100200,T0,T1,T1,2024-08-31,1.0.0
7d7c2ceb2e92,HS-100229,ACC-2228,cus_100228,T0,T1,T1,2024-08-31,1.0.0
7df9e48b2cc4,HS-100353,ACC-2352,cus_100352,T0,T1,T1,2024-08-31,1.0.0
7e3cff38400b,HS-100583,ACC-2582,cus_100582,T0,T1,T1,2024-08-31,1.0.0
7ecb5a47e4a1,HS-100540,ACC-2539,cus_100539,T2,T1,T2,2024-08-31,1.0.0
7ed9ffed0ce9,HS-100020,ACC-2019,cus_100019,T0,T1,T1,2024-08-31,1.0.0
7efaa9165fad,HS-100265,ACC-2264,cus_100264,T0,T1,T1,2024-08-31,1.0.0
7efd4b9f1c59,HS-100310,ACC-2309,cus_100309,T0,T1,T1,2024-08-31,1.0.0
7fb38f9e61ff,HS-100562,ACC-2561,cus_100561,T0,T1,T1,2024-08-31,1.0.0
800f2eb56933,HS-100030,ACC-2029,cus_100029,T0,T1,T1,2024-08-31,1.0.0
8018f473b454,HS-100512,ACC-2511,cus_100511,T0,T1,T1,2024-08-31,1.0.0
80297dea2bcb,HS-100260,ACC-2259,cus_100259,T0,T1,T1,2024-08-31,1.0.0
809d0342d4ed,HS-100641,ACC-2640,cus_100640,T0,T1,T1,2024-08-31,1.0.0
811e0b829afa,HS-100166,ACC-2165,cus_100165,T0,T1,T1,2024-08-31,1.0.0
81215df16b9d,HS-100527,ACC-2526,cus_100526,T0,T1,T1,2024-08-31,1.0.0
82912c9a4458,HS-100368,ACC-2367,cus_100367,T0,T1,T1,2024-08-31,1.0.0
82b3be1a7259,HS-100019,ACC-2018,cus_100018,T0,T1,T1,2024-08-31,1.0.0
835f374d427c,HS-100569,ACC-2568,cus_100568,T0,T1,T1,2024-08-31,1.0.0
838250379fa3,HS-100333,ACC-2332,cus_100332,T0,T1,T1,2024-08-31,1.0.0
840d8a53bce8,HS-100043,ACC-2042,cus_100042,T0,T1,T1,2024-08-31,1.0.0
8425a0e965c5,HS-100556,ACC-2555,cus_100555,T0,T1,T1,2024-08-31,1.0.0
84b433c4b3b9,HS-100177,ACC-2176,cus_100176,T0,T1,T1,2024-08-31,1.0.0
850c889b188c,HS-100563,ACC-2562,cus_100562,T0,T1,T1,2024-08-31,1.0.0
868d321ac39e,HS-100225,ACC-2224,cus_100224,T0,T1,T1,2024-08-31,1.0.0
869eab90ae45,HS-100241,ACC-2240,cus_100240,T0,T1,T1,2024-08-31,1.0.0
8740e47ba5df,HS-100299,ACC-2298,cus_100298,T0,T1,T1,2024-08-31,1.0.0
87418077620e,HS-100263,ACC-2262,cus_100262,T0,T1,T1,2024-08-31,1.0.0
87428c0f5a32,HS-100497,ACC-2496,cus_100496,T0,T1,T1,2024-08-31,1.0.0
87653c642368,HS-100089,ACC-2088,cus_100088,T0,T1,T1,2024-08-31,1.0.0
879a22cf656a,HS-100382,ACC-2381,cus_100381,T0,T1,T1,2024-08-31,1.0.0
87ff09647766,HS-100463,ACC-2462,cus_100462,T0,T1,T1,2024-08-31,1.0.0
887b2c1a1380,HS-100539,ACC-2538,cus_100538,T0,T1,T1,2024-08-31,1.0.0
88a8efcac170,HS-100047,ACC-2046,cus_100046,T0,T1,T1,2024-08-31,1.0.0
88cf09ccad92,HS-100499,ACC-2498,cus_100498,T0,T1,T1,2024-08-31,1.0.0
890c3cae550f,HS-100035,ACC-2034,cus_100034,T0,T1,T1,2024-08-31,1.0.0
89399b82116c,HS-100170,ACC-2169,cus_100169,T0,T1,T1,2024-08-31,1.0.0
89c4b5ff4a9f,HS-100445,ACC-2444,cus_100444,T0,T1,T1,2024-08-31,1.0.0
89d3af7bfbf6,HS-100479,ACC-2478,cus_100478,T0,T1,T1,2024-08-31,1.0.0
8a087810c878,HS-100224,ACC-2223,cus_100223,T2,T1,T2,2024-08-31,1.0.0
8a1b676db0e4,HS-100433,ACC-2432,cus_100432,T0,T1,T1,2024-08-31,1.0.0
8a377898dd91,HS-100362,ACC-2361,cus_100361,T0,T1,T1,2024-08-31,1.0.0
8aace75b998d,HS-100642,ACC-2641,cus_100641,T0,T1,T1,2024-08-31,1.0.0
8ab5e8824094,HS-100453,ACC-2452,cus_100452,T0,T1,T1,2024-08-31,1.0.0
8c5f19b3b0d6,HS-100069,ACC-2068,cus_100068,T0,T1,T1,2024-08-31,1.0.0
8d5d932b0f9b,HS-100415,ACC-2414,cus_100414,T0,T1,T1,2024-08-31,1.0.0
8d7b0e3ccc06,HS-100181,ACC-2180,cus_100180,T0,T1,T1,2024-08-31,1.0.0
8dc56996e31a,HS-100029,ACC-2028,cus_100028,T0,T1,T1,2024-08-31,1.0.0
8dfb642a97d7,HS-100329,ACC-2328,cus_100328,T0,T1,T1,2024-08-31,1.0.0
8e811d2dc5a1,HS-100039,ACC-2038,cus_100038,T0,T1,T1,2024-08-31,1.0.0
8ee34a42dee7,HS-100374,ACC-2373,cus_100373,T0,T1,T1,2024-08-31,1.0.0
8fcd350ed2a1,HS-100151,ACC-2150,cus_100150,T0,T1,T1,2024-08-31,1.0.0
8fd0cb9bb127,HS-100136,ACC-2135,cus_100135,T0,T1,T1,2024-08-31,1.0.0
8fd23f99086a,HS-100292,ACC-2291,cus_100291,T0,T1,T1,2024-08-31,1.0.0
91406719f00e,HS-100612,ACC-2611,cus_100611,T0,T1,T1,2024-08-31,1.0.0
92b7a8a7cdc7,HS-100185,ACC-2184,cus_100184,T0,T1,T1,2024-08-31,1.0.0
92f4e669bfdd,HS-100554,ACC-2553,cus_100553,T0,T1,T1,2024-08-31,1.0.0
935a1d29de57,HS-100314,ACC-2313,cus_100313,T0,T1,T1,2024-08-31,1.0.0
937eb80b0184,HS-100633,ACC-2632,cus_100632,T0,T1,T1,2024-08-31,1.0.0
9382f00dc8c8,HS-100389,ACC-2388,cus_100388,T0,T1,T1,2024-08-31,1.0.0
93d4f5b861a3,HS-100478,ACC-2477,cus_100477,T0,T1,T1,2024-08-31,1.0.0
93f094f73363,HS-100365,ACC-2364,cus_100364,T0,T1,T1,2024-08-31,1.0.0
9407c3c1d5b4,HS-100231,ACC-2230,cus_100230,T2,T1,T2,2024-08-31,1.0.0
945c463e27f5,HS-100567,ACC-2566,cus_100566,T0,T1,T1,2024-08-31,1.0.0
94be9c45cdf6,HS-100267,ACC-2266,cus_100266,T0,T1,T1,2024-08-31,1.0.0
953a1fa5f1e4,HS-100493,ACC-2492,cus_100492,T0,T1,T1,2024-08-31,1.0.0
95b0e7ccdb63,HS-100281,ACC-2280,cus_100280,T0,T1,T1,2024-08-31,1.0.0
95d506c2c301,HS-100366,ACC-2365,cus_100365,T0,T1,T1,2024-08-31,1.0.0
967e6f7023fc,HS-100523,ACC-2522,cus_100522,T0,T1,T1,2024-08-31,1.0.0
9690176b3350,HS-100110,ACC-2109,cus_100109,T0,T1,T1,2024-08-31,1.0.0
97081fd75d7e,HS-100436,ACC-2435,cus_100435,T0,T1,T1,2024-08-31,1.0.0
97ee9f62574c,HS-100581,ACC-2580,cus_100580,T2,T1,T2,2024-08-31,1.0.0
98aa01742131,HS-100565,ACC-2564,cus_100564,T0,T1,T1,2024-08-31,1.0.0
98bbb9b1f4ec,HS-100634,ACC-2633,cus_100633,T0,T1,T1,2024-08-31,1.0.0
99340d33f3fb,HS-100037,ACC-2036,cus_100036,T0,T1,T1,2024-08-31,1.0.0
99787ccefdee,HS-100233,ACC-2232,cus_100232,T0,T1,T1,2024-08-31,1.0.0
99d92d07b60e,HS-100249,ACC-2248,cus_100248,T0,T1,T1,2024-08-31,1.0.0
9a0d4f0c47f7,HS-100398,ACC-2397,cus_100397,T0,T1,T1,2024-08-31,1.0.0
9a903bd17a09,HS-100051,ACC-2050,cus_100050,T0,T1,T1,2024-08-31,1.0.0
9aab1444c5d3,HS-100041,ACC-2040,cus_100040,T0,T1,T1,2024-08-31,1.0.0
9ae028b62042,HS-100277,ACC-2276,cus_100276,T0,T1,T1,2024-08-31,1.0.0
9b86c5d697a4,HS-100242,ACC-2241,cus_100241,T0,T1,T1,2024-08-31,1.0.0
9bf0ba4ae3b0,HS-100054,ACC-2053,cus_100053,T0,T1,T1,2024-08-31,1.0.0
9c3ead02df0b,HS-100424,ACC-2423,cus_100423,T0,T1,T1,2024-08-31,1.0.0
9c83b29dabc8,HS-100588,ACC-2587,cus_100587,T2,T1,T2,2024-08-31,1.0.0
9ce98b1e53c8,HS-100422,ACC-2421,cus_100421,T0,T1,T1,2024-08-31,1.0.0
9d663f9ec56a,HS-100408,ACC-2407,cus_100407,T0,T1,T1,2024-08-31,1.0.0
9d7de9537b7e,HS-100635,ACC-2634,cus_100634,T0,T1,T1,2024-08-31,1.0.0
9d8fc5e5d801,HS-100207,ACC-2206,cus_100206,T0,T1,T1,2024-08-31,1.0.0
9de59d515b9f,HS-100649,ACC-2648,cus_100648,T0,T1,T1,2024-08-31,1.0.0
9e27ccf7896b,HS-100108,ACC-2107,cus_100107,T2,T1,T2,2024-08-31,1.0.0
9e718ad7d560,HS-100577,ACC-2576,cus_100576,T2,T1,T2,2024-08-31,1.0.0
9eb7a3a6657b,HS-100584,ACC-2583,cus_100583,T0,T1,T1,2024-08-31,1.0.0
9f0aac78fb2f,HS-100379,ACC-2378,cus_100378,T0,T1,T1,2024-08-31,1.0.0
a016ad959c90,HS-100396,ACC-2395,cus_100395,T0,T1,T1,2024-08-31,1.0.0
a18e4270c86b,HS-100257,ACC-2256,cus_100256,T0,T1,T1,2024-08-31,1.0.0
a1b6591a36c2,HS-100426,ACC-2425,cus_100425,T0,T1,T1,2024-08-31,1.0.0
a1baa2e417d2,HS-100250,ACC-2249,cus_100249,T0,T1,T1,2024-08-31,1.0.0
a24f4d4bb486,HS-100543,ACC-2542,cus_100542,T0,T1,T1,2024-08-31,1.0.0
a2b85136e7b2,HS-100195,ACC-2194,cus_100194,T0,T1,T1,2024-08-31,1.0.0
a2f4b7cd7eb1,HS-100630,ACC-2629,cus_100629,T0,T1,T1,2024-08-31,1.0.0
a321e5e40776,HS-100475,ACC-2474,cus_100474,T0,T1,T1,2024-08-31,1.0.0
a323d4abf458,HS-100085,ACC-2084,cus_100084,T0,T1,T1,2024-08-31,1.0.0
a50bd28fa87f,HS-100050,ACC-2049,cus_100049,T0,T1,T1,2024-08-31,1.0.0
a54889f58f60,HS-100412,ACC-2411,cus_100411,T0,T1,T1,2024-08-31,1.0.0
a565c66b9bc6,HS-100517,ACC-2516,cus_100516,T0,T1,T1,2024-08-31,1.0.0
a62f0320022a,HS-100414,ACC-2413,cus_100413,T0,T1,T1,2024-08-31,1.0.0
a6444ea5d4ad,HS-100452,ACC-2451,cus_100451,T0,T1,T1,2024-08-31,1.0.0
a6735df00d27,HS-100131,ACC-2130,cus_100130,T0,T1,T1,2024-08-31,1.0.0
a6d940689369,HS-100461,ACC-2460,cus_100460,T0,T1,T1,2024-08-31,1.0.0
a79430c11e48,HS-100595,ACC-2594,cus_100594,T0,T1,T1,2024-08-31,1.0.0
a888ac2fc626,HS-100190,ACC-2189,cus_100189,T0,T1,T1,2024-08-31,1.0.0
a93e31f7946a,HS-100579,ACC-2578,cus_100578,T2,T1,T2,2024-08-31,1.0.0
a99b55b3b218,HS-100114,ACC-2113,cus_100113,T0,T1,T1,2024-08-31,1.0.0
aa00b58df5b0,HS-100621,ACC-2620,cus_100620,T0,T1,T1,2024-08-31,1.0.0
aa269e39c32a,HS-100272,ACC-2271,cus_100271,T0,T1,T1,2024-08-31,1.0.0
aa6b09af8aaf,HS-100189,ACC-2188,cus_100188,T0,T1,T1,2024-08-31,1.0.0
aad8b8edc903,HS-100269,ACC-2268,cus_100268,T0,T1,T1,2024-08-31,1.0.0
ab72e3445be1,HS-100592,ACC-2591,cus_100591,T0,T1,T1,2024-08-31,1.0.0
ab838c4c08e3,HS-100305,ACC-2304,cus_100304,T2,T1,T2,2024-08-31,1.0.0
acef081a80f0,HS-100217,ACC-2216,cus_100216,T0,T1,T1,2024-08-31,1.0.0
ad2278a4a6c6,HS-100596,ACC-2595,cus_100595,T0,T1,T1,2024-08-31,1.0.0
ae22895bdbc5,HS-100278,ACC-2277,cus_100277,T0,T1,T1,2024-08-31,1.0.0
ae32988dfca5,HS-100647,ACC-2646,cus_100646,T0,T1,T1,2024-08-31,1.0.0
af6b45260c23,HS-100388,ACC-2387,cus_100387,T0,T1,T1,2024-08-31,1.0.0
afea25b3f304,HS-100215,ACC-2214,cus_100214,T0,T1,T1,2024-08-31,1.0.0
b11ab648f308,HS-100615,ACC-2614,cus_100614,T0,T1,T1,2024-08-31,1.0.0
b16fd3de8400,HS-100205,ACC-2204,cus_100204,T0,T1,T1,2024-08-31,1.0.0
b24de45006f0,HS-100192,ACC-2191,cus_100191,T2,T1,T2,2024-08-31,1.0.0
b2bb026d825d,HS-100363,ACC-2362,cus_100362,T0,T1,T1,2024-08-31,1.0.0
b2f4d7709dc0,HS-100074,ACC-2073,cus_100073,T0,T1,T1,2024-08-31,1.0.0
b3a24e63f76b,HS-100173,ACC-2172,cus_100172,T0,T1,T1,2024-08-31,1.0.0
b454b2f7bd1c,HS-100566,ACC-2565,cus_100565,T0,T1,T1,2024-08-31,1.0.0
b4c838eb089c,HS-100602,ACC-2601,cus_100601,T0,T1,T1,2024-08-31,1.0.0
b4e6ad0d057a,HS-100604,ACC-2603,cus_100603,T0,T1,T1,2024-08-31,1.0.0
b514dcb01651,HS-100154,ACC-2153,cus_100153,T0,T1,T1,2024-08-31,1.0.0
b585e4ebcc98,HS-100316,ACC-2315,cus_100315,T0,T1,T1,2024-08-31,1.0.0
b5e018ec0013,HS-100001,ACC-2000,cus_100000,T2,T1,T2,2024-08-31,1.0.0
b60f62d4c3c4,HS-100328,ACC-2327,cus_100327,T0,T1,T1,2024-08-31,1.0.0
b6227ca140ae,HS-100514,ACC-2513,cus_100513,T0,T1,T1,2024-08-31,1.0.0
b6f7ec4c7c1a,HS-100413,ACC-2412,cus_100412,T2,T1,T2,2024-08-31,1.0.0
b71038723b34,HS-100437,ACC-2436,cus_100436,T0,T1,T1,2024-08-31,1.0.0
b7214f7de0d2,HS-100515,ACC-2514,cus_100514,T0,T1,T1,2024-08-31,1.0.0
b743d34f10a8,HS-100182,ACC-2181,cus_100181,T0,T1,T1,2024-08-31,1.0.0
b898e16bae56,HS-100434,ACC-2433,cus_100433,T0,T1,T1,2024-08-31,1.0.0
b8a43530cf08,HS-100616,ACC-2615,cus_100615,T0,T1,T1,2024-08-31,1.0.0
b8ff0ac62b88,HS-100473,ACC-2472,cus_100472,T0,T1,T1,2024-08-31,1.0.0
b909b1288f6f,HS-100295,ACC-2294,cus_100294,T0,T1,T1,2024-08-31,1.0.0
ba0e4a372968,HS-100591,ACC-2590,cus_100590,T2,T1,T2,2024-08-31,1.0.0
bad845ea6ecb,HS-100443,ACC-2442,cus_100442,T0,T1,T1,2024-08-31,1.0.0
baf649016fa9,HS-100500,ACC-2499,cus_100499,T0,T1,T1,2024-08-31,1.0.0
bb332bfd6480,HS-100129,ACC-2128,cus_100128,T0,T1,T1,2024-08-31,1.0.0
bcbbeb996730,HS-100495,ACC-2494,cus_100494,T0,T1,T1,2024-08-31,1.0.0
bcdb022bc305,HS-100600,ACC-2599,cus_100599,T0,T1,T1,2024-08-31,1.0.0
be921c1e148e,HS-100262,ACC-2261,cus_100261,T0,T1,T1,2024-08-31,1.0.0
bee384ef88de,HS-100158,ACC-2157,cus_100157,T0,T1,T1,2024-08-31,1.0.0
bfcbb37719b9,HS-100330,ACC-2329,cus_100329,T0,T1,T1,2024-08-31,1.0.0
bfcc93c1234c,HS-100008,ACC-2007,cus_100007,T0,T1,T1,2024-08-31,1.0.0
c0d5050c1786,HS-100034,ACC-2033,cus_100033,T0,T1,T1,2024-08-31,1.0.0
c0e6f6e5493b,HS-100335,ACC-2334,cus_100334,T0,T1,T1,2024-08-31,1.0.0
c12476e908d2,HS-100091,ACC-2090,cus_100090,T2,T1,T2,2024-08-31,1.0.0
c14e78b458d1,HS-100072,ACC-2071,cus_100071,T0,T1,T1,2024-08-31,1.0.0
c173e9322576,HS-100234,ACC-2233,cus_100233,T0,T1,T1,2024-08-31,1.0.0
c194e3bdfad5,HS-100311,ACC-2310,cus_100310,T0,T1,T1,2024-08-31,1.0.0
c22a9a5e32c4,HS-100370,ACC-2369,cus_100369,T0,T1,T1,2024-08-31,1.0.0
c259030f0a56,HS-100321,ACC-2320,cus_100320,T0,T1,T1,2024-08-31,1.0.0
c29e32af3d21,HS-100609,ACC-2608,cus_100608,T0,T1,T1,2024-08-31,1.0.0
c326e9fdf2b2,HS-100386,ACC-2385,cus_100385,T0,T1,T1,2024-08-31,1.0.0
c434d20674b5,HS-100487,ACC-2486,cus_100486,T0,T1,T1,2024-08-31,1.0.0
c488ec042e89,HS-100347,ACC-2346,cus_100346,T0,T1,T1,2024-08-31,1.0.0
c4a02f8c12cd,HS-100501,ACC-2500,cus_100500,T0,T1,T1,2024-08-31,1.0.0
c518f6a1dc57,HS-100419,ACC-2418,cus_100418,T0,T1,T1,2024-08-31,1.0.0
c5350fab0bb4,HS-100063,ACC-2062,cus_100062,T0,T1,T1,2024-08-31,1.0.0
c564e6bc20a2,HS-100080,ACC-2079,cus_100079,T0,T1,T1,2024-08-31,1.0.0
c6699f5bce6f,HS-100212,ACC-2211,cus_100211,T0,T1,T1,2024-08-31,1.0.0
c6ddaadf8a3c,HS-100380,ACC-2379,cus_100379,T0,T1,T1,2024-08-31,1.0.0
c722bd70bb6d,HS-100580,ACC-2579,cus_100579,T0,T1,T1,2024-08-31,1.0.0
c7ae629f0670,HS-100459,ACC-2458,cus_100458,T0,T1,T1,2024-08-31,1.0.0
c7b8e3dd3d9e,HS-100466,ACC-2465,cus_100465,T2,T1,T2,2024-08-31,1.0.0
c7c91bce755e,HS-100355,ACC-2354,cus_100354,T0,T1,T1,2024-08-31,1.0.0
c7e410d860dd,HS-100532,ACC-2531,cus_100531,T0,T1,T1,2024-08-31,1.0.0
c80df26f0cb2,HS-100119,ACC-2118,cus_100118,T0,T1,T1,2024-08-31,1.0.0
c82c8b5945bb,HS-100598,ACC-2597,cus_100597,T0,T1,T1,2024-08-31,1.0.0
c87b1eef63b3,HS-100431,ACC-2430,cus_100430,T0,T1,T1,2024-08-31,1.0.0
c8d1b8b01b16,HS-100582,ACC-2581,cus_100581,T0,T1,T1,2024-08-31,1.0.0
c906fcd56eec,HS-100125,ACC-2124,cus_100124,T0,T1,T1,2024-08-31,1.0.0
c92187f76a50,HS-100092,ACC-2091,cus_100091,T0,T1,T1,2024-08-31,1.0.0
c95e7040378c,HS-100346,ACC-2345,cus_100345,T0,T1,T1,2024-08-31,1.0.0
c9cd0bb0cc08,HS-100427,ACC-2426,cus_100426,T0,T1,T1,2024-08-31,1.0.0
ca4b97d0cb79,HS-100026,ACC-2025,cus_100025,T0,T1,T1,2024-08-31,1.0.0
cba7ec6afd2e,HS-100492,ACC-2491,cus_100491,T0,T1,T1,2024-08-31,1.0.0
cbf0d50a86e7,HS-100256,ACC-2255,cus_100255,T0,T1,T1,2024-08-31,1.0.0
cc612f12a5f3,HS-100576,ACC-2575,cus_100575,T0,T1,T1,2024-08-31,1.0.0
cc7284c118af,HS-100199,ACC-2198,cus_100198,T0,T1,T1,2024-08-31,1.0.0
ccb9abe7b224,HS-100232,ACC-2231,cus_100231,T0,T1,T1,2024-08-31,1.0.0
cce4e07ce38c,HS-100438,ACC-2437,cus_100437,T0,T1,T1,2024-08-31,1.0.0
cced8c3d305b,HS-100137,ACC-2136,cus_100136,T0,T1,T1,2024-08-31,1.0.0
cd022db07256,HS-100617,ACC-2616,cus_100616,T0,T1,T1,2024-08-31,1.0.0
cdd0fe341983,HS-100575,ACC-2574,cus_100574,T0,T1,T1,2024-08-31,1.0.0
cde501cb7a7d,HS-100082,ACC-2081,cus_100081,T0,T1,T1,2024-08-31,1.0.0
cf932e3d82d8,HS-100571,ACC-2570,cus_100570,T0,T1,T1,2024-08-31,1.0.0
cfa499631566,HS-100094,ACC-2093,cus_100093,T0,T1,T1,2024-08-31,1.0.0
d003a5126727,HS-100067,ACC-2066,cus_100066,T0,T1,T1,2024-08-31,1.0.0
d0cc2b9c1ce9,HS-100507,ACC-2506,cus_100506,T0,T1,T1,2024-08-31,1.0.0
d0d1124d8f9a,HS-100359,ACC-2358,cus_100358,T0,T1,T1,2024-08-31,1.0.0
d12b484f1480,HS-100350,ACC-2349,cus_100349,T0,T1,T1,2024-08-31,1.0.0
d16deb81827f,HS-100073,ACC-2072,cus_100072,T0,T1,T1,2024-08-31,1.0.0
d17a1cb67764,HS-100625,ACC-2624,cus_100624,T0,T1,T1,2024-08-31,1.0.0
d23090c83713,HS-100450,ACC-2449,cus_100449,T0,T1,T1,2024-08-31,1.0.0
d3325cc67acf,HS-100156,ACC-2155,cus_100155,T0,T1,T1,2024-08-31,1.0.0
d34f4904aa84,HS-100178,ACC-2177,cus_100177,T0,T1,T1,2024-08-31,1.0.0
d375384bf8bc,HS-100112,ACC-2111,cus_100111,T0,T1,T1,2024-08-31,1.0.0
d3d6430ce9c4,HS-100028,ACC-2027,cus_100027,T2,T1,T2,2024-08-31,1.0.0
d54c9d70035a,HS-100293,ACC-2292,cus_100292,T0,T1,T1,2024-08-31,1.0.0
d57e35ff96ea,HS-100150,ACC-2149,cus_100149,T0,T1,T1,2024-08-31,1.0.0
d591a4e10426,HS-100568,ACC-2567,cus_100567,T0,T1,T1,2024-08-31,1.0.0
d60d16238ec6,HS-100235,ACC-2234,cus_100234,T0,T1,T1,2024-08-31,1.0.0
d6c94dcf68f9,HS-100274,ACC-2273,cus_100273,T2,T1,T2,2024-08-31,1.0.0
d6e7796e9cfc,HS-100334,ACC-2333,cus_100333,T0,T1,T1,2024-08-31,1.0.0
d6eff0593968,HS-100101,ACC-2100,cus_100100,T0,T1,T1,2024-08-31,1.0.0
d708a60010d8,HS-100471,ACC-2470,cus_100470,T0,T1,T1,2024-08-31,1.0.0
d7e2debcb1e4,HS-100007,ACC-2006,cus_100006,T0,T1,T1,2024-08-31,1.0.0
d7f2491cbf17,HS-100480,ACC-2479,cus_100479,T0,T1,T1,2024-08-31,1.0.0
d7f7a6231274,HS-100264,ACC-2263,cus_100263,T0,T1,T1,2024-08-31,1.0.0
d81850081a01,HS-100384,ACC-2383,cus_100383,T2,T1,T2,2024-08-31,1.0.0
d8222a570c5e,HS-100218,ACC-2217,cus_100217,T0,T1,T1,2024-08-31,1.0.0
d8cba4a1d43d,HS-100522,ACC-2521,cus_100521,T2,T1,T2,2024-08-31,1.0.0
d996f9b6f1f8,HS-100171,ACC-2170,cus_100170,T0,T1,T1,2024-08-31,1.0.0
da2408f43334,HS-100040,ACC-2039,cus_100039,T0,T1,T1,2024-08-31,1.0.0
da3f37a71944,HS-100432,ACC-2431,cus_100431,T0,T1,T1,2024-08-31,1.0.0
daa4aa7c8cad,HS-100393,ACC-2392,cus_100392,T0,T1,T1,2024-08-31,1.0.0
db6aaecba31f,HS-100083,ACC-2082,cus_100082,T0,T1,T1,2024-08-31,1.0.0
db9bc2d200e6,HS-100601,ACC-2600,cus_100600,T0,T1,T1,2024-08-31,1.0.0
dbad5cfaab50,HS-100142,ACC-2141,cus_100141,T0,T1,T1,2024-08-31,1.0.0
dbb9781b47c5,HS-100447,ACC-2446,cus_100446,T0,T1,T1,2024-08-31,1.0.0
dbef19a6cece,HS-100290,ACC-2289,cus_100289,T0,T1,T1,2024-08-31,1.0.0
dc2ff4bd4800,HS-100048,ACC-2047,cus_100047,T0,T1,T1,2024-08-31,1.0.0
dc7546038f51,HS-100022,ACC-2021,cus_100021,T0,T1,T1,2024-08-31,1.0.0
dc75715a3853,HS-100529,ACC-2528,cus_100528,T2,T1,T2,2024-08-31,1.0.0
dcbec6838ba3,HS-100585,ACC-2584,cus_100584,T0,T1,T1,2024-08-31,1.0.0
dcf4823a4d63,HS-100614,ACC-2613,cus_100613,T0,T1,T1,2024-08-31,1.0.0
dcf6784c3f48,HS-100586,ACC-2585,cus_100585,T0,T1,T1,2024-08-31,1.0.0
dd8109cf375b,HS-100070,ACC-2069,cus_100069,T0,T1,T1,2024-08-31,1.0.0
dde4a2325dc6,HS-100506,ACC-2505,cus_100505,T0,T1,T1,2024-08-31,1.0.0
de0488775bd0,HS-100502,ACC-2501,cus_100501,T0,T1,T1,2024-08-31,1.0.0
de3394369082,HS-100430,ACC-2429,cus_100429,T0,T1,T1,2024-08-31,1.0.0
de3af92df17a,HS-100313,ACC-2312,cus_100312,T0,T1,T1,2024-08-31,1.0.0
de73c32fa777,HS-100364,ACC-2363,cus_100363,T0,T1,T1,2024-08-31,1.0.0
dfdbf0b4c7e0,HS-100406,ACC-2405,cus_100405,T0,T1,T1,2024-08-31,1.0.0
e044425f0f1a,HS-100403,ACC-2402,cus_100402,T0,T1,T1,2024-08-31,1.0.0
e0ed9bc3304b,HS-100494,ACC-2493,cus_100493,T0,T1,T1,2024-08-31,1.0.0
e102e7f3e17f,HS-100416,ACC-2415,cus_100415,T0,T1,T1,2024-08-31,1.0.0
e19569d925d2,HS-100606,ACC-2605,cus_100605,T0,T1,T1,2024-08-31,1.0.0
e31d2d4a48e2,HS-100513,ACC-2512,cus_100512,T2,T1,T2,2024-08-31,1.0.0
e37c074286d9,HS-100339,ACC-2338,cus_100338,T0,T1,T1,2024-08-31,1.0.0
e382b0077d44,HS-100013,ACC-2012,cus_100012,T0,T1,T1,2024-08-31,1.0.0
e4190b8c9edb,HS-100603,ACC-2602,cus_100602,T0,T1,T1,2024-08-31,1.0.0
e43a3fafab38,HS-100372,ACC-2371,cus_100371,T0,T1,T1,2024-08-31,1.0.0
e48d5b78a86a,HS-100337,ACC-2336,cus_100336,T0,T1,T1,2024-08-31,1.0.0
e49077a75737,HS-100645,ACC-2644,cus_100644,T0,T1,T1,2024-08-31,1.0.0
e552d9325009,HS-100383,ACC-2382,cus_100382,T0,T1,T1,2024-08-31,1.0.0
e57b67711c10,HS-100296,ACC-2295,cus_100295,T0,T1,T1,2024-08-31,1.0.0
e5bcc1fbee61,HS-100049,ACC-2048,cus_100048,T0,T1,T1,2024-08-31,1.0.0
e5c032b1ac0b,HS-100014,ACC-2013,cus_100013,T0,T1,T1,2024-08-31,1.0.0
e622c23e2951,HS-100435,ACC-2434,cus_100434,T0,T1,T1,2024-08-31,1.0.0
e7259d79b184,HS-100139,ACC-2138,cus_100138,T0,T1,T1,2024-08-31,1.0.0
e75f33c9ed23,HS-100105,ACC-2104,cus_100104,T0,T1,T1,2024-08-31,1.0.0
e79544859377,HS-100162,ACC-2161,cus_100161,T0,T1,T1,2024-08-31,1.0.0
e883c54c8ca8,HS-100084,ACC-2083,cus_100083,T0,T1,T1,2024-08-31,1.0.0
e88a6a9945b0,HS-100338,ACC-2337,cus_100337,T0,T1,T1,2024-08-31,1.0.0
e8f392fbcfbd,HS-100322,ACC-2321,cus_100321,T0,T1,T1,2024-08-31,1.0.0
e9214ee5bf0b,HS-100627,ACC-2626,cus_100626,T0,T1,T1,2024-08-31,1.0.0
e96833e2c6bb,HS-100449,ACC-2448,cus_100448,T0,T1,T1,2024-08-31,1.0.0
e9e407e1731c,HS-100511,ACC-2510,cus_100510,T0,T1,T1,2024-08-31,1.0.0
ea8725dcabb1,HS-100071,ACC-2070,cus_100070,T0,T1,T1,2024-08-31,1.0.0
eab9d5094af3,HS-100318,ACC-2317,cus_100317,T0,T1,T1,2024-08-31,1.0.0
eb0b897c470a,HS-100639,ACC-2638,cus_100638,T0,T1,T1,2024-08-31,1.0.0
eb11583a635e,HS-100345,ACC-2344,cus_100344,T0,T1,T1,2024-08-31,1.0.0
eb6e17931ac2,HS-100605,ACC-2604,cus_100604,T0,T1,T1,2024-08-31,1.0.0
eb78824cdc91,HS-100187,ACC-2186,cus_100186,T0,T1,T1,2024-08-31,1.0.0
ebaae71bb69b,HS-100650,ACC-2649,cus_100649,T0,T1,T1,2024-08-31,1.0.0
ecd54f585087,HS-100599,ACC-2598,cus_100598,T0,T1,T1,2024-08-31,1.0.0
ed0225bd89c5,HS-100593,ACC-2592,cus_100592,T0,T1,T1,2024-08-31,1.0.0
ed5931954b72,HS-100531,ACC-2530,cus_100530,T0,T1,T1,2024-08-31,1.0.0
eda37dec809b,HS-100491,ACC-2490,cus_100490,T0,T1,T1,2024-08-31,1.0.0
ee1a76c497e4,HS-100394,ACC-2393,cus_100393,T0,T1,T1,2024-08-31,1.0.0
ef0e67d8ffaf,HS-100297,ACC-2296,cus_100296,T0,T1,T1,2024-08-31,1.0.0
ef28de0cbaf4,HS-100247,ACC-2246,cus_100246,T0,T1,T1,2024-08-31,1.0.0
ef9605d5a1d4,HS-100464,ACC-2463,cus_100463,T0,T1,T1,2024-08-31,1.0.0
efdc46580159,HS-100268,ACC-2267,cus_100267,T2,T1,T2,2024-08-31,1.0.0
efe6dcc1eacd,HS-100470,ACC-2469,cus_100469,T0,T1,T1,2024-08-31,1.0.0
eff19c144690,HS-100275,ACC-2274,cus_100274,T2,T1,T2,2024-08-31,1.0.0
f08e91043b03,HS-100285,ACC-2284,cus_100284,T0,T1,T1,2024-08-31,1.0.0
f08eb23cc0db,HS-100143,ACC-2142,cus_100142,T0,T1,T1,2024-08-31,1.0.0
f16517f6876a,HS-100417,ACC-2416,cus_100416,T2,T1,T2,2024-08-31,1.0.0
f189adcdf97f,HS-100376,ACC-2375,cus_100375,T0,T1,T1,2024-08-31,1.0.0
f1a6ca1331db,HS-100032,ACC-2031,cus_100031,T0,T1,T1,2024-08-31,1.0.0
f268910f164f,HS-100015,ACC-2014,cus_100014,T0,T1,T1,2024-08-31,1.0.0
f278c285db4a,HS-100113,ACC-2112,cus_100112,T0,T1,T1,2024-08-31,1.0.0
f2bfbed8aeda,HS-100200,ACC-2199,cus_100199,T0,T1,T1,2024-08-31,1.0.0
f2f553d01764,HS-100033,ACC-2032,cus_100032,T2,T1,T2,2024-08-31,1.0.0
f3488af55845,HS-100519,ACC-2518,cus_100518,T0,T1,T1,2024-08-31,1.0.0
f34cb98c7172,HS-100561,ACC-2560,cus_100560,T0,T1,T1,2024-08-31,1.0.0
f4369dc52865,HS-100644,ACC-2643,cus_100643,T0,T1,T1,2024-08-31,1.0.0
f43c5b31b192,HS-100194,ACC-2193,cus_100193,T0,T1,T1,2024-08-31,1.0.0
f4738f0dd8aa,HS-100237,ACC-2236,cus_100236,T0,T1,T1,2024-08-31,1.0.0
f51f42af8a26,HS-100130,ACC-2129,cus_100129,T0,T1,T1,2024-08-31,1.0.0
f53160415402,HS-100553,ACC-2552,cus_100552,T0,T1,T1,2024-08-31,1.0.0
f5dc072a79ed,HS-100440,ACC-2439,cus_100439,T0,T1,T1,2024-08-31,1.0.0
f60394aa4454,HS-100245,ACC-2244,cus_100244,T0,T1,T1,2024-08-31,1.0.0
f618418fca35,HS-100157,ACC-2156,cus_100156,T0,T1,T1,2024-08-31,1.0.0
f6c34b74fdf2,HS-100428,ACC-2427,cus_100427,T0,T1,T1,2024-08-31,1.0.0
f750af5db82c,HS-100044,ACC-2043,cus_100043,T0,T1,T1,2024-08-31,1.0.0
f7b188c45db9,HS-100023,ACC-2022,cus_100022,T0,T1,T1,2024-08-31,1.0.0
f7c843dcd62a,HS-100301,ACC-2300,cus_100300,T0,T1,T1,2024-08-31,1.0.0
f81f32be9b74,HS-100409,ACC-2408,cus_100408,T0,T1,T1,2024-08-31,1.0.0
f8253f98cbef,HS-100276,ACC-2275,cus_100275,T0,T1,T1,2024-08-31,1.0.0
f8ef2a0febfc,HS-100341,ACC-2340,cus_100340,T0,T1,T1,2024-08-31,1.0.0
f9258b3410f9,HS-100590,ACC-2589,cus_100589,T0,T1,T1,2024-08-31,1.0.0
f9d56b104a2b,HS-100544,ACC-2543,cus_100543,T0,T1,T1,2024-08-31,1.0.0
fa78e5fd572a,HS-100401,ACC-2400,cus_100400,T0,T1,T1,2024-08-31,1.0.0
fa963456da9c,HS-100558,ACC-2557,cus_100557,T2,T1,T2,2024-08-31,1.0.0
fb754cb6ae6b,HS-100025,ACC-2024,cus_100024,T2,T1,T2,2024-08-31,1.0.0
fb8b03e9c21b,HS-100254,ACC-2253,cus_100253,T0,T1,T1,2024-08-31,1.0.0
fca6820379e6,HS-100283,ACC-2282,cus_100282,T0,T1,T1,2024-08-31,1.0.0
fcb92db97bd8,HS-100458,ACC-2457,cus_100457,T0,T1,T1,2024-08-31,1.0.0
