hubspot_id,company_name,domain,mrr,currency,signup_date,churn_date,reason_code,survivor_hubspot_id,survivor_master_id,evidence_json,ruleset_version,decided_at
HS-900000,"Marroquín, Leiva y Maya SA DE CV",marroquín797.com.mx,,MXN,2023-03-28,2024-02-08,duplicate_company_clone,HS-100187,eb78824cdc91,"{""mrr_is_null"":true,""name_norm_equal"":true,""referenced_by_accounts"":false}",1.0.0,2024-08-31
HS-900001,CALDERÓN S.A.,calderón375.com.mx,,MXN,2024-05-08,,duplicate_company_clone,HS-100469,289073814fdb,"{""mrr_is_null"":true,""name_norm_equal"":true,""referenced_by_accounts"":false}",1.0.0,2024-08-31
HS-900002,LAUREANO-OCASIO,laureanoocas684.com.mx,,MXN,2023-01-23,2024-03-09,duplicate_company_clone,HS-100336,6bca486a099d,"{""mrr_is_null"":true,""name_norm_equal"":true,""referenced_by_accounts"":false}",1.0.0,2024-08-31
HS-900003,Maestas-Bustos A.C. SA DE CV,maestasbusto63.com.mx,,MXN,2024-06-12,,duplicate_company_clone,HS-100509,5d3a54fbe090,"{""mrr_is_null"":true,""name_norm_equal"":true,""referenced_by_accounts"":false}",1.0.0,2024-08-31
HS-900004,VELA Y CARRANZA E HIJOS,vela133.com.mx,,MXN,2023-07-21,,duplicate_company_clone,HS-100591,ba0e4a372968,"{""mrr_is_null"":true,""name_norm_equal"":true,""referenced_by_accounts"":false}",1.0.0,2024-08-31
HS-900005,INDUSTRIAS ARCE-IGLESIAS,industrias636.com.mx,,MXN,2022-12-14,,duplicate_company_clone,HS-100647,ae32988dfca5,"{""mrr_is_null"":true,""name_norm_equal"":true,""referenced_by_accounts"":false}",1.0.0,2024-08-31
HS-900006,Proyectos Garibay-Espinosa SA DE CV,proyectos892.com.mx,,MXN,2024-02-04,,duplicate_company_clone,HS-100169,21f411028416,"{""mrr_is_null"":true,""name_norm_equal"":true,""referenced_by_accounts"":false}",1.0.0,2024-08-31
HS-900007,"Laboratorios Téllez, Sanches y Abreu SA DE CV",laboratorios886.com.mx,,MXN,2024-02-07,,duplicate_company_clone,HS-100058,3dc38ff1f062,"{""mrr_is_null"":true,""name_norm_equal"":true,""referenced_by_accounts"":false}",1.0.0,2024-08-31
HS-900008,"LABORATORIOS MARÍN, DEL RÍO Y GARRIDO",laboratorios422.com.mx,,MXN,2022-11-24,2024-02-18,duplicate_company_clone,HS-100156,d3325cc67acf,"{""mrr_is_null"":true,""name_norm_equal"":true,""referenced_by_accounts"":false}",1.0.0,2024-08-31
HS-900009,DESPACHO HERNÁNDEZ-APONTE,despacho576.com.mx,,MXN,2022-10-09,,duplicate_company_clone,HS-100361,34932df15d7b,"{""mrr_is_null"":true,""name_norm_equal"":true,""referenced_by_accounts"":false}",1.0.0,2024-08-31
HS-900010,PUENTE E HIJOS,puente792.com.mx,,MXN,2023-08-16,,duplicate_company_clone,HS-100143,f08eb23cc0db,"{""mrr_is_null"":true,""name_norm_equal"":true,""referenced_by_accounts"":false}",1.0.0,2024-08-31
HS-900011,Grupo Guzmán-de Anda SA DE CV,grupo393.com.mx,,MXN,2023-09-01,,duplicate_company_clone,HS-100334,d6e7796e9cfc,"{""mrr_is_null"":true,""name_norm_equal"":true,""referenced_by_accounts"":false}",1.0.0,2024-08-31
HS-900012,"Márquez, Adame y Cepeda SA DE CV",márquez390.com.mx,,MXN,2022-04-26,,duplicate_company_clone,HS-100404,7a37e35fc015,"{""mrr_is_null"":true,""name_norm_equal"":true,""referenced_by_accounts"":false}",1.0.0,2024-08-31
HS-900013,VILLARREAL Y ROBLES S. R.L. DE C.V.,villarreal986.com.mx,,MXN,2022-07-03,,duplicate_company_clone,HS-100366,95d506c2c301,"{""mrr_is_null"":true,""name_norm_equal"":true,""referenced_by_accounts"":false}",1.0.0,2024-08-31
HS-900014,Tijerina y Laboy S.C. SA DE CV,tijerina909.com.mx,,MXN,2022-07-04,2023-07-20,duplicate_company_clone,HS-100614,dcf4823a4d63,"{""mrr_is_null"":true,""name_norm_equal"":true,""referenced_by_accounts"":false}",1.0.0,2024-08-31
HS-900015,CORPORACIN CARRERO-DURÁN,corporacin580.com.mx,,MXN,2024-02-14,2024-04-17,duplicate_company_clone,HS-100203,3a6d440d0d78,"{""mrr_is_null"":true,""name_norm_equal"":true,""referenced_by_accounts"":false}",1.0.0,2024-08-31
HS-900016,Industrias Bétancourt y Sisneros SA DE CV,industrias348.com.mx,,MXN,2022-11-04,,duplicate_company_clone,HS-100263,87418077620e,"{""mrr_is_null"":true,""name_norm_equal"":true,""referenced_by_accounts"":false}",1.0.0,2024-08-31
HS-900017,Pulido-Olivárez SA DE CV,pulidoolivár463.com.mx,,MXN,2022-09-03,,duplicate_company_clone,HS-100223,68f66e743a15,"{""mrr_is_null"":true,""name_norm_equal"":true,""referenced_by_accounts"":false}",1.0.0,2024-08-31
HS-900018,Correa-Garibay SA DE CV,correagariba125.com.mx,,MXN,2023-01-19,,duplicate_company_clone,HS-100250,a1baa2e417d2,"{""mrr_is_null"":true,""name_norm_equal"":true,""referenced_by_accounts"":false}",1.0.0,2024-08-31
HS-900019,BRITO-ALVARADO,britoalvarad564.com.mx,,MXN,2022-08-26,,duplicate_company_clone,HS-100110,9690176b3350,"{""mrr_is_null"":true,""name_norm_equal"":true,""referenced_by_accounts"":false}",1.0.0,2024-08-31
HS-900020,CLUB GONZÁLEZ-JASSO,club271.com.mx,,MXN,2022-08-20,,duplicate_company_clone,HS-100606,e19569d925d2,"{""mrr_is_null"":true,""name_norm_equal"":true,""referenced_by_accounts"":false}",1.0.0,2024-08-31
HS-900021,Zapata-Moreno SA DE CV,zapatamoreno696.com.mx,,MXN,2022-04-03,2023-05-20,duplicate_company_clone,HS-100358,14e457b52fab,"{""mrr_is_null"":true,""name_norm_equal"":true,""referenced_by_accounts"":false}",1.0.0,2024-08-31
HS-900022,"CLUB MARRERO, GUZMÁN Y VELA",club423.com.mx,,MXN,2023-06-22,,duplicate_company_clone,HS-100376,f189adcdf97f,"{""mrr_is_null"":true,""name_norm_equal"":true,""referenced_by_accounts"":false}",1.0.0,2024-08-31
HS-900023,GIL S.A.,gil910.com.mx,,MXN,2023-04-10,,duplicate_company_clone,HS-100593,ed0225bd89c5,"{""mrr_is_null"":true,""name_norm_equal"":true,""referenced_by_accounts"":false}",1.0.0,2024-08-31
HS-900024,Amaya y Vázquez y Asociados SA DE CV,amaya21.com.mx,,MXN,2023-07-01,,duplicate_company_clone,HS-100519,f3488af55845,"{""mrr_is_null"":true,""name_norm_equal"":true,""referenced_by_accounts"":false}",1.0.0,2024-08-31
HS-900025,POLANCO-TERÁN E HIJOS,polancoterán45.com.mx,,MXN,2022-02-26,,duplicate_company_clone,HS-100147,6e9112a3a693,"{""mrr_is_null"":true,""name_norm_equal"":true,""referenced_by_accounts"":false}",1.0.0,2024-08-31
HS-900026,Corporacin Ruelas-Feliciano SA DE CV,corporacin441.com.mx,,MXN,2023-04-15,,duplicate_company_clone,HS-100192,b24de45006f0,"{""mrr_is_null"":true,""name_norm_equal"":true,""referenced_by_accounts"":false}",1.0.0,2024-08-31
HS-900027,"Tejada, Cortez y León SA DE CV",tejada989.com.mx,,MXN,2023-02-19,,duplicate_company_clone,HS-100546,78e777fdb583,"{""mrr_is_null"":true,""name_norm_equal"":true,""referenced_by_accounts"":false}",1.0.0,2024-08-31
